OrderID,ReturnDate,ReturnReason
ORD107484,2022-01-26,Wrong Item
ORD102530,2023-10-19,Wrong Item
ORD103102,2021-04-02,Late Delivery
ORD101815,2021-11-04,Wrong Item
ORD106190,2021-10-27,Customer Changed Mind
ORD100133,2021-10-23,Wrong Item
ORD104306,2021-11-16,Damaged
ORD101255,2021-10-11,Late Delivery
ORD105810,2021-07-03,Wrong Item
ORD104243,2021-04-18,Wrong Item
ORD102074,2023-12-29,Wrong Item
ORD107798,2023-04-24,Damaged
ORD103313,2022-02-19,Damaged
ORD105425,2021-02-13,Damaged
ORD109034,2023-01-31,Wrong Item
ORD105751,2022-07-29,Late Delivery
ORD104815,2023-08-11,Late Delivery
ORD107977,2022-02-02,Damaged
ORD107090,2022-05-19,Wrong Item
ORD101711,2021-12-24,Late Delivery
ORD107481,2022-09-09,Wrong Item
ORD102448,2022-04-30,Customer Changed Mind
ORD100036,2021-05-28,Damaged
ORD107578,2022-11-06,Damaged
ORD102054,2022-05-26,Customer Changed Mind
ORD103999,2023-04-06,Wrong Item
ORD100830,2022-05-03,Late Delivery
ORD108426,2022-11-25,Late Delivery
ORD103323,2023-04-25,Customer Changed Mind
ORD102746,2021-11-16,Damaged
ORD104002,2023-10-27,Wrong Item
ORD101092,2022-02-18,Customer Changed Mind
ORD104136,2021-08-25,Customer Changed Mind
ORD101785,2021-07-02,Damaged
ORD101764,2022-11-06,Late Delivery
ORD100560,2023-01-06,Wrong Item
ORD109097,2022-08-11,Wrong Item
ORD109275,2023-06-05,Damaged
ORD102834,2022-01-07,Wrong Item
ORD104154,2021-12-22,Wrong Item
ORD109895,2023-07-03,Wrong Item
ORD101027,2023-02-08,Wrong Item
ORD102863,2021-02-07,Damaged
ORD109622,2021-11-03,Wrong Item
ORD109456,2021-09-30,Late Delivery
ORD108355,2023-11-13,Damaged
ORD104409,2023-07-13,Wrong Item
ORD100357,2023-12-24,Customer Changed Mind
ORD105674,2022-06-13,Damaged
ORD104735,2021-04-30,Late Delivery
ORD109231,2021-01-29,Wrong Item
ORD106643,2022-06-10,Wrong Item
ORD109775,2021-05-28,Customer Changed Mind
ORD101922,2021-11-19,Customer Changed Mind
ORD103271,2022-05-31,Damaged
ORD102197,2022-05-10,Damaged
ORD103957,2022-09-24,Damaged
ORD107378,2023-05-24,Customer Changed Mind
ORD100660,2023-12-14,Damaged
ORD105243,2022-05-24,Damaged
ORD106548,2023-07-07,Wrong Item
ORD103688,2022-04-10,Damaged
ORD102955,2021-11-01,Damaged
ORD102936,2021-03-07,Customer Changed Mind
ORD101893,2021-07-03,Damaged
ORD102643,2022-06-19,Late Delivery
ORD109960,2022-03-26,Customer Changed Mind
ORD101721,2023-09-21,Wrong Item
ORD102831,2021-01-24,Damaged
ORD100366,2023-05-05,Wrong Item
ORD109652,2022-01-16,Wrong Item
ORD101474,2021-11-12,Damaged
ORD102536,2021-07-21,Late Delivery
ORD102439,2021-09-29,Late Delivery
ORD105299,2022-09-22,Wrong Item
ORD109131,2021-09-07,Damaged
ORD106947,2023-11-07,Wrong Item
ORD102638,2021-01-28,Customer Changed Mind
ORD101314,2023-11-01,Wrong Item
ORD105236,2023-11-03,Customer Changed Mind
ORD106798,2023-11-08,Damaged
ORD105997,2023-08-04,Late Delivery
ORD103452,2021-03-21,Wrong Item
ORD107638,2022-11-15,Wrong Item
ORD109012,2023-01-27,Wrong Item
ORD107460,2023-12-26,Wrong Item
ORD107749,2021-02-05,Wrong Item
ORD106834,2021-01-19,Damaged
ORD104337,2021-01-16,Late Delivery
ORD101848,2022-02-28,Customer Changed Mind
ORD101032,2023-08-16,Damaged
ORD108004,2023-12-07,Customer Changed Mind
ORD108959,2023-05-26,Damaged
ORD106735,2022-12-20,Damaged
ORD103518,2023-01-14,Customer Changed Mind
ORD102002,2022-04-03,Late Delivery
ORD105009,2022-05-15,Damaged
ORD107861,2022-03-03,Customer Changed Mind
ORD109715,2023-05-24,Late Delivery
ORD105729,2022-06-11,Wrong Item
ORD100144,2021-04-06,Wrong Item
ORD107381,2022-11-23,Customer Changed Mind
ORD103935,2022-07-01,Damaged
ORD104064,2022-01-23,Wrong Item
ORD105616,2021-07-05,Wrong Item
ORD109788,2022-02-11,Customer Changed Mind
ORD106146,2021-07-10,Customer Changed Mind
ORD105780,2022-08-09,Wrong Item
ORD102442,2022-07-04,Damaged
ORD106726,2021-09-30,Customer Changed Mind
ORD102591,2023-01-01,Customer Changed Mind
ORD103804,2023-07-18,Damaged
ORD109416,2022-09-22,Late Delivery
ORD100806,2021-12-22,Customer Changed Mind
ORD109534,2023-04-10,Wrong Item
ORD104994,2021-12-23,Damaged
ORD104631,2021-06-29,Wrong Item
ORD102901,2022-09-17,Damaged
ORD104162,2023-10-03,Late Delivery
ORD109319,2023-08-19,Customer Changed Mind
ORD101704,2023-02-28,Late Delivery
ORD103657,2022-09-27,Customer Changed Mind
ORD102637,2021-01-09,Damaged
ORD105971,2021-01-18,Wrong Item
ORD105108,2022-08-29,Late Delivery
ORD108930,2022-12-16,Damaged
ORD101627,2021-11-15,Late Delivery
ORD102290,2022-05-16,Damaged
ORD106663,2022-07-27,Late Delivery
ORD109865,2022-09-29,Damaged
ORD105928,2023-07-07,Late Delivery
ORD102092,2022-01-06,Late Delivery
ORD104797,2022-08-27,Damaged
ORD106162,2022-10-16,Late Delivery
ORD109510,2022-11-23,Damaged
ORD103380,2021-06-24,Late Delivery
ORD109838,2023-05-12,Customer Changed Mind
ORD102385,2023-07-11,Customer Changed Mind
ORD109031,2022-04-08,Late Delivery
ORD104739,2023-06-08,Damaged
ORD108941,2023-12-15,Customer Changed Mind
ORD106745,2022-03-27,Late Delivery
ORD105741,2022-03-05,Late Delivery
ORD108588,2022-08-18,Damaged
ORD102066,2022-07-25,Wrong Item
ORD108622,2022-07-11,Damaged
ORD103648,2021-10-16,Wrong Item
ORD109180,2023-10-16,Late Delivery
ORD106872,2022-03-03,Wrong Item
ORD101407,2022-09-13,Wrong Item
ORD100721,2022-10-17,Damaged
ORD105433,2021-06-29,Wrong Item
ORD101615,2022-11-09,Wrong Item
ORD106178,2023-05-24,Late Delivery
ORD103592,2023-11-02,Customer Changed Mind
ORD108268,2021-01-15,Damaged
ORD102226,2023-03-02,Damaged
ORD105739,2022-03-06,Customer Changed Mind
ORD105439,2021-10-21,Customer Changed Mind
ORD100450,2023-10-29,Customer Changed Mind
ORD101754,2022-09-22,Wrong Item
ORD104626,2021-06-04,Late Delivery
ORD108425,2023-07-29,Damaged
ORD100605,2022-04-24,Late Delivery
ORD104238,2021-03-04,Wrong Item
ORD106091,2022-12-02,Customer Changed Mind
ORD105431,2022-08-29,Wrong Item
ORD102975,2021-11-07,Customer Changed Mind
ORD106038,2022-10-19,Damaged
ORD101216,2023-09-16,Wrong Item
ORD100866,2022-08-10,Late Delivery
ORD106273,2021-04-04,Late Delivery
ORD102136,2023-11-26,Wrong Item
ORD104848,2021-08-18,Wrong Item
ORD107551,2021-09-01,Late Delivery
ORD109278,2021-02-19,Wrong Item
ORD100995,2021-11-26,Wrong Item
ORD102022,2022-05-16,Wrong Item
ORD106608,2022-12-01,Customer Changed Mind
ORD108438,2023-05-29,Late Delivery
ORD109389,2023-04-16,Wrong Item
ORD103316,2021-01-12,Late Delivery
ORD105915,2023-05-08,Damaged
ORD108013,2021-09-09,Wrong Item
ORD105352,2023-04-01,Customer Changed Mind
ORD103820,2022-05-21,Customer Changed Mind
ORD108364,2022-02-13,Wrong Item
ORD108107,2021-09-07,Wrong Item
ORD105848,2023-07-26,Damaged
ORD102351,2023-03-02,Wrong Item
ORD100206,2023-08-29,Late Delivery
ORD101377,2022-11-02,Wrong Item
ORD107888,2021-08-29,Late Delivery
ORD108840,2023-02-28,Late Delivery
ORD102188,2021-09-28,Late Delivery
ORD103432,2021-02-07,Late Delivery
ORD102167,2022-01-29,Late Delivery
ORD103613,2021-04-16,Wrong Item
ORD103920,2023-07-23,Wrong Item
ORD102875,2022-03-09,Wrong Item
ORD101375,2022-09-05,Customer Changed Mind
ORD105312,2021-12-10,Late Delivery
ORD109314,2023-10-13,Damaged
ORD105450,2023-05-23,Wrong Item
ORD106532,2022-10-21,Wrong Item
ORD107286,2022-01-02,Customer Changed Mind
ORD109471,2021-12-24,Wrong Item
ORD103451,2021-10-02,Late Delivery
ORD104988,2023-04-16,Wrong Item
ORD107853,2021-03-18,Late Delivery
ORD103304,2022-06-30,Wrong Item
ORD104173,2022-07-30,Wrong Item
ORD107338,2022-05-02,Late Delivery
ORD109150,2022-03-18,Late Delivery
ORD100559,2022-04-08,Wrong Item
ORD100892,2023-12-04,Late Delivery
ORD107897,2021-01-21,Customer Changed Mind
ORD100637,2023-07-21,Late Delivery
ORD102164,2021-03-05,Late Delivery
ORD101948,2021-02-10,Damaged
ORD108695,2022-06-16,Late Delivery
ORD101965,2021-11-15,Late Delivery
ORD102917,2023-09-24,Damaged
ORD105227,2022-05-10,Late Delivery
ORD108447,2023-03-15,Damaged
ORD109739,2021-12-02,Wrong Item
ORD108259,2023-03-20,Wrong Item
ORD108136,2023-01-28,Customer Changed Mind
ORD103036,2023-10-19,Wrong Item
ORD104761,2023-03-29,Late Delivery
ORD103367,2021-11-03,Damaged
ORD100308,2022-11-20,Wrong Item
ORD107727,2023-09-13,Late Delivery
ORD102567,2023-06-24,Wrong Item
ORD105682,2021-05-15,Customer Changed Mind
ORD107775,2021-04-20,Wrong Item
ORD107034,2021-11-07,Wrong Item
ORD107614,2022-09-28,Late Delivery
ORD103212,2023-01-11,Damaged
ORD104343,2023-05-07,Customer Changed Mind
ORD102608,2022-04-17,Damaged
ORD101205,2022-04-04,Damaged
ORD108424,2022-03-27,Damaged
ORD105937,2022-06-20,Customer Changed Mind
ORD107471,2022-08-07,Customer Changed Mind
ORD109846,2022-12-19,Late Delivery
ORD104546,2023-07-20,Late Delivery
ORD104119,2021-05-07,Late Delivery
ORD101137,2021-08-03,Customer Changed Mind
ORD107493,2021-07-23,Customer Changed Mind
ORD102728,2021-03-25,Wrong Item
ORD102362,2022-09-04,Damaged
ORD101089,2023-08-20,Late Delivery
ORD102634,2021-07-06,Wrong Item
ORD108709,2021-04-25,Customer Changed Mind
ORD108079,2023-01-18,Wrong Item
ORD101536,2021-12-15,Wrong Item
ORD105094,2021-01-31,Customer Changed Mind
ORD108027,2022-10-22,Damaged
ORD100064,2023-07-28,Customer Changed Mind
ORD105753,2021-08-04,Late Delivery
ORD106632,2021-03-14,Wrong Item
ORD104869,2021-03-02,Late Delivery
ORD108912,2021-10-01,Wrong Item
ORD100309,2022-11-11,Wrong Item
ORD103182,2023-03-25,Late Delivery
ORD103333,2022-10-11,Wrong Item
ORD107395,2022-08-04,Customer Changed Mind
ORD102014,2021-02-22,Customer Changed Mind
ORD104763,2021-05-19,Wrong Item
ORD109664,2021-06-26,Wrong Item
ORD100223,2022-05-20,Customer Changed Mind
ORD100370,2022-03-13,Damaged
ORD105944,2022-05-14,Wrong Item
ORD105625,2022-02-08,Customer Changed Mind
ORD100466,2022-08-31,Damaged
ORD100767,2021-11-18,Damaged
ORD103978,2022-12-04,Late Delivery
ORD102219,2021-08-13,Damaged
ORD109009,2023-04-12,Wrong Item
ORD106346,2021-12-12,Damaged
ORD105570,2022-12-31,Late Delivery
ORD107433,2021-04-14,Customer Changed Mind
ORD108602,2021-09-16,Late Delivery
ORD104769,2022-09-22,Customer Changed Mind
ORD103072,2021-03-12,Wrong Item
ORD100970,2023-02-19,Customer Changed Mind
ORD104880,2022-12-04,Damaged
ORD105289,2021-01-03,Customer Changed Mind
ORD104395,2022-01-25,Damaged
ORD106042,2021-12-30,Late Delivery
ORD107336,2023-06-13,Late Delivery
ORD107045,2021-03-31,Customer Changed Mind
ORD101010,2021-10-15,Late Delivery
ORD103328,2023-03-11,Late Delivery
ORD101329,2023-12-11,Late Delivery
ORD106744,2021-11-29,Damaged
ORD106364,2021-05-01,Customer Changed Mind
ORD101303,2022-04-18,Damaged
ORD105766,2021-11-03,Customer Changed Mind
ORD105482,2022-07-30,Damaged
ORD104151,2021-05-20,Wrong Item
ORD101966,2022-12-29,Wrong Item
ORD101042,2022-06-17,Wrong Item
ORD101453,2021-03-05,Damaged
ORD108274,2021-12-14,Customer Changed Mind
ORD107712,2023-06-03,Damaged
ORD102903,2021-04-29,Customer Changed Mind
ORD109593,2021-07-05,Wrong Item
ORD102358,2021-11-05,Damaged
ORD104677,2023-05-22,Customer Changed Mind
ORD108246,2021-06-17,Customer Changed Mind
ORD109374,2021-09-02,Late Delivery
ORD101694,2022-07-19,Customer Changed Mind
ORD109821,2021-02-27,Wrong Item
ORD102400,2023-06-01,Damaged
ORD109822,2021-04-23,Late Delivery
ORD107929,2021-03-27,Wrong Item
ORD102357,2022-09-16,Damaged
ORD102874,2021-08-28,Damaged
ORD101649,2023-06-15,Late Delivery
ORD100296,2023-07-10,Wrong Item
ORD104422,2022-07-20,Damaged
ORD107550,2022-05-24,Late Delivery
ORD104957,2022-04-17,Damaged
ORD104956,2021-10-08,Damaged
ORD109440,2022-08-27,Wrong Item
ORD103887,2021-06-27,Wrong Item
ORD105731,2021-08-08,Damaged
ORD102324,2023-11-13,Customer Changed Mind
ORD107046,2023-07-06,Damaged
ORD105642,2023-08-14,Customer Changed Mind
ORD101318,2022-04-07,Wrong Item
ORD101756,2021-12-28,Damaged
ORD106097,2023-12-19,Damaged
ORD102825,2021-08-15,Damaged
ORD107667,2023-01-24,Late Delivery
ORD102096,2022-07-02,Late Delivery
ORD104525,2022-07-15,Wrong Item
ORD105761,2022-07-23,Damaged
ORD107477,2023-09-06,Damaged
ORD108436,2021-02-09,Customer Changed Mind
ORD104272,2023-06-30,Late Delivery
ORD107543,2023-04-20,Wrong Item
ORD100925,2022-02-22,Wrong Item
ORD101732,2021-03-16,Damaged
ORD108206,2023-09-08,Damaged
ORD105979,2023-05-29,Late Delivery
ORD101543,2021-11-05,Customer Changed Mind
ORD101880,2023-09-13,Late Delivery
ORD107231,2021-01-03,Wrong Item
ORD105660,2021-12-20,Late Delivery
ORD101458,2022-10-29,Late Delivery
ORD109478,2022-02-13,Wrong Item
ORD102720,2021-07-01,Wrong Item
ORD101297,2023-11-04,Wrong Item
ORD108081,2022-05-09,Damaged
ORD108774,2022-06-29,Customer Changed Mind
ORD102036,2021-10-02,Damaged
ORD106262,2023-07-04,Late Delivery
ORD107128,2023-10-05,Customer Changed Mind
ORD108908,2023-07-20,Late Delivery
ORD105061,2021-07-31,Late Delivery
ORD107842,2023-04-29,Damaged
ORD107896,2021-08-13,Customer Changed Mind
ORD104121,2023-05-02,Damaged
ORD105804,2023-12-03,Wrong Item
ORD109168,2022-12-08,Wrong Item
ORD100495,2022-08-29,Damaged
ORD105295,2022-05-14,Damaged
ORD107008,2021-05-20,Damaged
ORD100799,2021-07-06,Late Delivery
ORD105090,2022-04-18,Customer Changed Mind
ORD107635,2022-04-01,Customer Changed Mind
ORD100402,2022-02-28,Wrong Item
ORD100326,2022-10-12,Customer Changed Mind
ORD109635,2023-10-04,Customer Changed Mind
ORD104704,2022-03-02,Customer Changed Mind
ORD109943,2023-05-03,Late Delivery
ORD101239,2022-05-12,Wrong Item
ORD108660,2023-02-28,Damaged
ORD102134,2021-10-25,Customer Changed Mind
ORD104803,2021-10-31,Customer Changed Mind
ORD109598,2022-05-10,Late Delivery
ORD101856,2022-05-21,Wrong Item
ORD105260,2023-01-10,Customer Changed Mind
ORD104451,2021-07-21,Late Delivery
ORD106418,2023-04-24,Damaged
ORD106339,2022-12-24,Wrong Item
ORD104417,2023-10-28,Customer Changed Mind
ORD102332,2022-06-02,Damaged
ORD106352,2022-08-05,Customer Changed Mind
ORD106952,2022-02-04,Wrong Item
ORD105391,2021-02-22,Late Delivery
ORD104209,2021-05-17,Customer Changed Mind
ORD100164,2022-03-22,Wrong Item
ORD105012,2021-12-04,Late Delivery
ORD102452,2023-11-02,Damaged
ORD108755,2023-09-07,Customer Changed Mind
ORD106247,2021-09-27,Damaged
ORD103028,2021-09-05,Customer Changed Mind
ORD107032,2023-08-23,Wrong Item
ORD101183,2021-10-17,Damaged
ORD105988,2021-11-10,Customer Changed Mind
ORD101588,2021-10-02,Wrong Item
ORD102630,2022-10-29,Customer Changed Mind
ORD108708,2022-03-12,Late Delivery
ORD100409,2022-08-09,Wrong Item
ORD108548,2023-09-18,Wrong Item
ORD109860,2021-03-30,Customer Changed Mind
ORD107529,2021-12-12,Wrong Item
ORD101561,2021-08-16,Damaged
ORD109017,2023-10-02,Customer Changed Mind
ORD106330,2021-04-12,Late Delivery
ORD102430,2021-02-26,Wrong Item
ORD107882,2021-05-07,Late Delivery
ORD102179,2023-06-23,Damaged
ORD108872,2023-11-01,Wrong Item
ORD107636,2023-12-14,Wrong Item
ORD101705,2021-06-04,Customer Changed Mind
ORD103080,2021-08-06,Late Delivery
ORD102087,2022-03-22,Customer Changed Mind
ORD105758,2023-11-16,Late Delivery
ORD108181,2023-03-02,Customer Changed Mind
ORD103327,2021-11-19,Late Delivery
ORD103721,2023-10-07,Customer Changed Mind
ORD109413,2023-07-08,Wrong Item
ORD101869,2022-08-13,Wrong Item
ORD108694,2023-12-16,Late Delivery
ORD100801,2021-05-01,Customer Changed Mind
ORD109773,2022-06-03,Late Delivery
ORD107772,2021-12-28,Customer Changed Mind
ORD107385,2021-10-10,Late Delivery
ORD107007,2023-05-22,Damaged
ORD104893,2022-02-13,Wrong Item
ORD106033,2023-11-12,Late Delivery
ORD103391,2022-07-31,Damaged
ORD105201,2023-08-17,Wrong Item
ORD105520,2023-09-21,Damaged
ORD100914,2022-04-19,Customer Changed Mind
ORD104832,2022-09-05,Customer Changed Mind
ORD100248,2021-12-19,Customer Changed Mind
ORD107809,2022-09-18,Late Delivery
ORD108523,2021-09-28,Damaged
ORD107183,2021-09-10,Damaged
ORD108645,2021-12-29,Customer Changed Mind
ORD105240,2021-07-19,Late Delivery
ORD109584,2023-07-02,Customer Changed Mind
ORD106733,2023-01-02,Late Delivery
ORD102603,2023-11-23,Wrong Item
ORD101153,2021-02-15,Damaged
ORD101480,2023-04-20,Late Delivery
ORD104820,2022-12-11,Customer Changed Mind
ORD101282,2021-02-01,Late Delivery
ORD104928,2021-07-16,Late Delivery
ORD102397,2022-03-17,Wrong Item
ORD109795,2023-04-14,Customer Changed Mind
ORD102395,2023-04-07,Damaged
ORD102860,2022-08-29,Late Delivery
ORD100243,2021-08-26,Customer Changed Mind
ORD106375,2023-05-18,Damaged
ORD108218,2021-02-02,Late Delivery
ORD105623,2023-11-11,Late Delivery
ORD105397,2022-02-21,Customer Changed Mind
ORD108183,2021-09-02,Damaged
ORD100628,2022-04-02,Damaged
ORD109007,2022-01-12,Wrong Item
ORD102233,2021-03-08,Wrong Item
ORD101368,2022-07-20,Customer Changed Mind
ORD106739,2023-06-24,Damaged
ORD105543,2021-02-21,Late Delivery
ORD100283,2022-01-22,Customer Changed Mind
ORD104440,2023-10-02,Wrong Item
ORD102292,2022-08-30,Customer Changed Mind
ORD109735,2021-11-23,Damaged
ORD106063,2023-09-22,Customer Changed Mind
ORD109592,2021-09-13,Wrong Item
ORD107562,2022-06-16,Damaged
ORD105662,2023-04-09,Late Delivery
ORD107031,2021-02-02,Wrong Item
ORD103702,2022-06-24,Wrong Item
ORD108069,2021-08-21,Wrong Item
ORD104647,2023-06-07,Customer Changed Mind
ORD101102,2022-01-29,Wrong Item
ORD101602,2022-12-08,Customer Changed Mind
ORD101969,2021-06-27,Customer Changed Mind
ORD108603,2022-07-10,Damaged
ORD102390,2023-10-05,Damaged
ORD104070,2023-10-27,Wrong Item
ORD106122,2022-10-01,Customer Changed Mind
ORD109274,2021-03-05,Late Delivery
ORD108132,2023-01-14,Customer Changed Mind
ORD100323,2023-07-24,Damaged
ORD103066,2023-04-12,Damaged
ORD100562,2021-11-29,Customer Changed Mind
ORD102103,2023-04-18,Customer Changed Mind
ORD108363,2023-05-07,Customer Changed Mind
ORD108091,2021-10-24,Late Delivery
ORD109640,2021-05-26,Customer Changed Mind
ORD101232,2023-08-05,Wrong Item
ORD101813,2023-04-02,Wrong Item
ORD102753,2021-02-26,Damaged
ORD101624,2022-11-03,Late Delivery
ORD108931,2021-11-07,Late Delivery
ORD102954,2022-08-28,Damaged
ORD104939,2021-04-12,Wrong Item
ORD104469,2022-02-15,Wrong Item
ORD104297,2023-07-25,Late Delivery
ORD102513,2021-01-27,Customer Changed Mind
ORD104167,2021-09-23,Customer Changed Mind
ORD105148,2022-03-27,Late Delivery
ORD103240,2021-04-16,Late Delivery
ORD106924,2023-11-29,Late Delivery
ORD102521,2021-02-14,Late Delivery
ORD109751,2023-05-30,Late Delivery
ORD109285,2022-08-10,Late Delivery
ORD109058,2023-11-07,Late Delivery
ORD102841,2022-03-17,Late Delivery
ORD108366,2023-09-06,Customer Changed Mind
ORD103397,2023-05-30,Damaged
ORD104630,2021-06-15,Wrong Item
ORD100178,2021-01-18,Damaged
ORD105762,2023-04-04,Damaged
ORD102738,2021-10-09,Late Delivery
ORD103190,2021-02-26,Late Delivery
ORD106501,2023-12-25,Late Delivery
ORD103809,2023-08-31,Damaged
ORD104694,2021-10-07,Customer Changed Mind
ORD109825,2021-10-19,Late Delivery
ORD102102,2022-06-15,Late Delivery
ORD101672,2021-05-11,Wrong Item
ORD109972,2021-06-20,Customer Changed Mind
ORD100850,2023-04-24,Late Delivery
ORD105956,2022-07-27,Customer Changed Mind
ORD106285,2021-09-05,Wrong Item
ORD100536,2021-04-22,Damaged
ORD102783,2023-11-23,Wrong Item
ORD105279,2021-07-17,Customer Changed Mind
ORD103210,2022-02-06,Late Delivery
ORD102372,2023-06-03,Late Delivery
ORD101077,2021-07-08,Wrong Item
ORD105899,2021-05-07,Wrong Item
ORD102938,2022-05-07,Customer Changed Mind
ORD107743,2021-08-06,Customer Changed Mind
ORD106095,2022-12-05,Customer Changed Mind
ORD103177,2021-01-31,Late Delivery
ORD102068,2021-03-31,Wrong Item
ORD109126,2023-07-07,Customer Changed Mind
ORD107222,2021-12-29,Wrong Item
ORD106430,2021-09-22,Late Delivery
ORD104437,2022-10-28,Damaged
ORD101489,2021-06-30,Customer Changed Mind
ORD101367,2023-02-03,Damaged
ORD109805,2022-01-08,Late Delivery
ORD104115,2022-02-19,Wrong Item
ORD105021,2022-12-12,Damaged
ORD107821,2022-03-15,Wrong Item
ORD101446,2023-05-23,Customer Changed Mind
ORD104433,2022-01-18,Customer Changed Mind
ORD103829,2022-01-31,Late Delivery
ORD107261,2022-12-16,Customer Changed Mind
ORD104200,2023-02-03,Wrong Item
ORD105179,2023-09-15,Customer Changed Mind
ORD101811,2023-04-23,Damaged
ORD103616,2022-09-19,Wrong Item
ORD102837,2023-12-16,Customer Changed Mind
ORD106521,2021-04-18,Damaged
ORD101601,2023-08-01,Wrong Item
ORD108381,2022-07-18,Damaged
ORD106404,2022-08-19,Wrong Item
ORD101078,2023-07-07,Damaged
ORD105866,2022-12-09,Damaged
ORD105369,2023-11-25,Customer Changed Mind
ORD105361,2021-11-21,Late Delivery
ORD109678,2023-05-23,Customer Changed Mind
ORD103310,2021-11-18,Wrong Item
ORD109723,2022-12-07,Damaged
ORD103589,2023-03-28,Wrong Item
ORD100301,2021-03-15,Customer Changed Mind
ORD100200,2022-12-10,Wrong Item
ORD106922,2023-07-21,Customer Changed Mind
ORD109777,2023-12-06,Customer Changed Mind
ORD109535,2021-06-18,Late Delivery
ORD109396,2023-11-27,Customer Changed Mind
ORD107681,2021-03-06,Damaged
ORD109473,2022-11-22,Customer Changed Mind
ORD101587,2022-01-20,Customer Changed Mind
ORD107353,2022-08-19,Damaged
ORD106743,2023-03-02,Customer Changed Mind
ORD104185,2021-06-03,Wrong Item
ORD107634,2021-08-03,Late Delivery
ORD104768,2023-10-29,Damaged
ORD109051,2021-11-18,Damaged
ORD104978,2023-10-07,Wrong Item
ORD109985,2021-04-30,Damaged
ORD104476,2023-11-04,Wrong Item
ORD102210,2022-06-19,Damaged
ORD101291,2022-01-05,Customer Changed Mind
ORD109926,2022-09-23,Damaged
ORD100845,2022-12-26,Late Delivery
ORD104472,2021-03-22,Damaged
ORD100265,2021-04-07,Damaged
ORD102399,2023-07-23,Late Delivery
ORD102861,2023-02-04,Damaged
ORD101982,2022-06-04,Wrong Item
ORD106950,2023-09-19,Wrong Item
ORD100115,2023-12-30,Late Delivery
ORD105377,2023-07-06,Customer Changed Mind
ORD101609,2022-01-20,Damaged
ORD109499,2021-09-09,Late Delivery
ORD106378,2023-09-29,Late Delivery
ORD106686,2021-03-10,Damaged
ORD104533,2022-11-27,Customer Changed Mind
ORD107197,2021-08-12,Damaged
ORD107276,2023-04-10,Damaged
ORD105649,2022-05-11,Late Delivery
ORD109966,2023-11-24,Customer Changed Mind
ORD100295,2021-04-15,Late Delivery
ORD104355,2023-04-07,Customer Changed Mind
ORD104406,2022-07-14,Customer Changed Mind
ORD105786,2022-02-26,Late Delivery
ORD108319,2022-01-12,Customer Changed Mind
ORD102715,2023-05-23,Damaged
ORD105129,2021-11-24,Late Delivery
ORD106086,2023-05-26,Late Delivery
ORD100040,2022-06-29,Damaged
ORD101352,2021-02-12,Customer Changed Mind
ORD107257,2023-03-01,Customer Changed Mind
ORD109039,2021-06-14,Customer Changed Mind
ORD104537,2022-07-28,Damaged
ORD107357,2022-02-07,Late Delivery
ORD101315,2023-11-24,Wrong Item
ORD107207,2021-06-14,Late Delivery
ORD107876,2023-01-22,Wrong Item
ORD104089,2023-11-21,Late Delivery
ORD105865,2023-01-10,Wrong Item
ORD106252,2023-08-01,Damaged
ORD108991,2022-04-18,Customer Changed Mind
ORD107254,2022-07-27,Damaged
ORD104278,2021-04-16,Customer Changed Mind
ORD101406,2021-09-20,Late Delivery
ORD102751,2021-09-24,Damaged
ORD102534,2021-04-20,Late Delivery
ORD109854,2021-01-05,Customer Changed Mind
ORD103302,2023-09-11,Late Delivery
ORD103900,2023-01-16,Damaged
ORD105593,2023-11-04,Wrong Item
ORD101306,2022-11-03,Customer Changed Mind
ORD109215,2022-11-20,Late Delivery
ORD104358,2022-12-20,Wrong Item
ORD105714,2023-11-11,Wrong Item
ORD104967,2021-05-25,Damaged
ORD109444,2021-01-05,Late Delivery
ORD105754,2021-02-07,Damaged
ORD104260,2021-07-04,Late Delivery
ORD100563,2023-05-20,Wrong Item
ORD103465,2023-01-27,Late Delivery
ORD105274,2022-03-23,Customer Changed Mind
ORD102910,2022-10-16,Wrong Item
ORD109160,2022-06-07,Customer Changed Mind
ORD109243,2022-03-28,Damaged
ORD105703,2021-05-30,Customer Changed Mind
ORD107388,2022-02-04,Damaged
ORD105994,2021-07-16,Damaged
ORD101036,2021-02-08,Customer Changed Mind
ORD108014,2022-09-10,Late Delivery
ORD108115,2023-06-29,Customer Changed Mind
ORD103277,2023-12-17,Late Delivery
ORD104235,2023-08-07,Damaged
ORD100159,2023-06-11,Customer Changed Mind
ORD106296,2021-06-26,Customer Changed Mind
ORD103600,2022-03-07,Late Delivery
ORD103082,2022-03-30,Customer Changed Mind
ORD101031,2023-08-02,Customer Changed Mind
ORD109253,2022-12-30,Late Delivery
ORD106844,2021-08-28,Late Delivery
ORD100424,2021-10-21,Wrong Item
ORD100333,2022-02-01,Late Delivery
ORD107070,2021-08-25,Damaged
ORD104244,2023-11-21,Damaged
ORD101415,2023-05-08,Late Delivery
ORD102882,2022-01-03,Wrong Item
ORD100572,2023-09-08,Wrong Item
ORD103280,2021-01-16,Customer Changed Mind
ORD103033,2023-04-20,Wrong Item
ORD103021,2023-04-12,Damaged
ORD109685,2022-05-19,Damaged
ORD101625,2021-05-01,Late Delivery
ORD107333,2023-12-29,Late Delivery
ORD109213,2022-11-25,Customer Changed Mind
ORD103698,2023-12-23,Late Delivery
ORD102107,2021-04-28,Wrong Item
ORD106109,2023-01-01,Customer Changed Mind
ORD105759,2021-10-24,Late Delivery
ORD108159,2023-12-16,Late Delivery
ORD101652,2023-04-11,Late Delivery
ORD104341,2021-04-21,Late Delivery
ORD107170,2023-03-22,Late Delivery
ORD105742,2021-05-24,Damaged
ORD105783,2022-05-10,Customer Changed Mind
ORD105879,2022-04-27,Damaged
ORD101804,2023-04-04,Customer Changed Mind
ORD108134,2023-09-18,Wrong Item
ORD102767,2021-01-13,Wrong Item
ORD100340,2022-10-18,Wrong Item
ORD105904,2021-08-26,Customer Changed Mind
ORD109595,2022-04-17,Damaged
ORD106085,2021-08-19,Damaged
ORD106654,2023-11-02,Late Delivery
ORD100267,2021-06-23,Customer Changed Mind
ORD100490,2021-10-29,Wrong Item
ORD107311,2023-01-08,Customer Changed Mind
ORD108753,2021-01-24,Late Delivery
ORD108564,2021-01-07,Damaged
ORD109629,2021-02-07,Late Delivery
ORD105603,2023-04-12,Late Delivery
ORD105041,2022-07-08,Late Delivery
ORD102155,2021-11-12,Late Delivery
ORD103411,2022-05-09,Damaged
ORD101363,2022-06-03,Damaged
ORD101660,2021-06-02,Damaged
ORD108186,2021-10-15,Damaged
ORD101661,2021-04-04,Wrong Item
ORD102470,2023-12-25,Customer Changed Mind
ORD104128,2022-12-15,Wrong Item
ORD103508,2021-03-11,Late Delivery
ORD101712,2021-03-13,Late Delivery
ORD107122,2022-01-19,Late Delivery
ORD105451,2023-06-08,Late Delivery
ORD103145,2022-08-12,Wrong Item
ORD106840,2021-12-05,Damaged
ORD108450,2022-09-05,Late Delivery
ORD107700,2021-07-19,Wrong Item
ORD107583,2021-11-24,Wrong Item
ORD105812,2023-04-20,Late Delivery
ORD105976,2023-09-06,Late Delivery
ORD106099,2022-12-06,Wrong Item
ORD106153,2021-09-21,Customer Changed Mind
ORD106997,2022-10-30,Wrong Item
ORD107309,2021-02-20,Customer Changed Mind
ORD108232,2022-05-21,Late Delivery
ORD101343,2022-08-29,Damaged
ORD103843,2022-05-15,Damaged
ORD108813,2022-10-02,Customer Changed Mind
ORD105226,2021-10-25,Late Delivery
ORD107401,2023-04-02,Late Delivery
ORD105597,2021-12-09,Customer Changed Mind
ORD109111,2021-12-15,Damaged
ORD106208,2021-02-25,Wrong Item
ORD101394,2021-12-20,Customer Changed Mind
ORD106217,2023-04-17,Late Delivery
ORD104746,2022-02-16,Late Delivery
ORD106933,2021-11-15,Damaged
ORD102360,2022-06-03,Customer Changed Mind
ORD104725,2022-03-06,Customer Changed Mind
ORD100195,2021-02-21,Customer Changed Mind
ORD108223,2023-07-25,Late Delivery
ORD108121,2021-08-28,Wrong Item
ORD106729,2022-03-31,Customer Changed Mind
ORD100438,2022-11-24,Wrong Item
ORD101322,2023-08-21,Late Delivery
ORD104199,2021-10-07,Wrong Item
ORD101006,2023-01-15,Wrong Item
ORD105231,2023-05-18,Wrong Item
ORD104780,2023-06-02,Late Delivery
ORD101250,2023-07-15,Late Delivery
ORD105581,2022-11-03,Late Delivery
ORD102717,2022-06-18,Wrong Item
ORD107709,2021-09-26,Damaged
ORD102447,2023-12-05,Damaged
ORD101812,2021-03-18,Damaged
ORD101002,2023-01-02,Wrong Item
ORD101356,2022-04-30,Damaged
ORD101563,2021-02-23,Late Delivery
ORD100968,2021-04-27,Wrong Item
ORD103215,2022-09-28,Customer Changed Mind
ORD108428,2021-07-31,Damaged
ORD103550,2023-07-08,Wrong Item
ORD100269,2023-08-20,Customer Changed Mind
ORD101846,2023-06-26,Wrong Item
ORD107277,2022-10-30,Customer Changed Mind
ORD105175,2023-07-31,Late Delivery
ORD101920,2022-03-27,Wrong Item
ORD103911,2022-04-22,Late Delivery
ORD103110,2021-02-14,Late Delivery
ORD101044,2021-01-16,Customer Changed Mind
ORD100192,2023-01-12,Damaged
ORD106708,2023-06-15,Customer Changed Mind
ORD102832,2022-01-10,Damaged
ORD109290,2022-11-06,Customer Changed Mind
ORD106134,2022-12-14,Wrong Item
ORD102565,2023-01-21,Damaged
ORD105707,2023-07-28,Wrong Item
ORD107907,2021-11-04,Customer Changed Mind
ORD104253,2023-09-17,Late Delivery
ORD106370,2022-01-18,Customer Changed Mind
ORD109637,2021-05-18,Wrong Item
ORD103617,2021-07-15,Customer Changed Mind
ORD107362,2021-12-11,Late Delivery
ORD100053,2021-02-09,Late Delivery
ORD103383,2022-07-21,Customer Changed Mind
ORD101096,2023-12-06,Customer Changed Mind
ORD104758,2022-05-31,Wrong Item
ORD107956,2021-08-02,Late Delivery
ORD105605,2023-11-20,Damaged
ORD109327,2022-11-19,Wrong Item
ORD103520,2021-03-05,Damaged
ORD109297,2023-08-15,Late Delivery
ORD107536,2021-04-29,Late Delivery
ORD105534,2022-11-04,Wrong Item
ORD102905,2022-11-23,Late Delivery
ORD100251,2023-05-09,Damaged
ORD108028,2023-07-27,Customer Changed Mind
ORD108041,2021-04-04,Wrong Item
ORD100175,2022-09-24,Customer Changed Mind
ORD105283,2021-04-02,Customer Changed Mind
ORD101176,2021-07-08,Wrong Item
ORD103650,2021-07-11,Damaged
ORD104117,2022-12-15,Late Delivery
ORD102520,2022-11-24,Late Delivery
ORD102891,2022-07-25,Wrong Item
ORD101070,2023-07-08,Damaged
ORD105040,2023-03-20,Wrong Item
ORD104245,2022-01-15,Wrong Item
ORD101213,2023-09-21,Late Delivery
ORD106338,2022-04-10,Wrong Item
ORD108777,2023-07-22,Damaged
ORD102508,2023-06-10,Damaged
ORD105846,2023-08-23,Damaged
ORD103560,2022-01-07,Damaged
ORD108638,2021-04-22,Late Delivery
ORD100965,2021-11-27,Late Delivery
ORD104038,2022-07-30,Late Delivery
ORD106543,2021-08-22,Late Delivery
ORD107393,2022-08-22,Damaged
ORD101555,2023-04-14,Damaged
ORD100444,2023-07-16,Wrong Item
ORD104034,2022-10-29,Wrong Item
ORD109405,2023-01-19,Late Delivery
ORD103453,2023-04-03,Wrong Item
ORD105803,2021-12-07,Late Delivery
ORD104731,2022-02-09,Late Delivery
ORD100281,2022-03-26,Late Delivery
ORD104650,2023-07-13,Customer Changed Mind
ORD108596,2023-01-20,Wrong Item
ORD106360,2023-06-19,Wrong Item
ORD104357,2023-01-24,Late Delivery
ORD101511,2022-08-31,Damaged
ORD109378,2023-04-27,Customer Changed Mind
ORD103048,2022-08-01,Wrong Item
ORD104475,2023-07-16,Damaged
ORD106671,2023-08-14,Late Delivery
ORD108799,2021-09-02,Late Delivery
ORD108096,2022-11-04,Wrong Item
ORD102752,2022-12-09,Wrong Item
ORD105679,2021-11-27,Customer Changed Mind
ORD107609,2023-02-09,Wrong Item
ORD104289,2021-10-02,Customer Changed Mind
ORD106463,2021-05-09,Late Delivery
ORD104923,2021-01-07,Damaged
ORD106647,2022-12-25,Damaged
ORD105409,2022-11-12,Customer Changed Mind
ORD105432,2021-09-16,Customer Changed Mind
ORD104920,2023-09-30,Wrong Item
ORD100783,2022-04-06,Wrong Item
ORD106461,2021-05-07,Wrong Item
ORD108684,2021-08-27,Damaged
ORD101539,2021-07-04,Wrong Item
ORD106486,2021-04-26,Wrong Item
ORD107028,2023-01-01,Late Delivery
ORD107723,2021-02-23,Customer Changed Mind
ORD108019,2022-04-28,Wrong Item
ORD107350,2023-05-01,Late Delivery
ORD100044,2022-08-11,Damaged
ORD104159,2022-11-11,Wrong Item
ORD103750,2022-01-21,Damaged
ORD105773,2023-11-26,Damaged
ORD106027,2023-03-25,Damaged
ORD102890,2023-10-22,Damaged
ORD107769,2023-02-14,Customer Changed Mind
ORD100957,2021-02-23,Damaged
ORD100057,2022-11-06,Late Delivery
ORD103252,2023-12-01,Late Delivery
ORD109872,2022-07-03,Damaged
ORD103019,2021-01-16,Damaged
ORD105984,2021-01-02,Customer Changed Mind
ORD103011,2022-12-15,Wrong Item
ORD103875,2021-06-18,Damaged
ORD105305,2023-12-29,Late Delivery
ORD109179,2022-11-02,Late Delivery
ORD108328,2022-01-28,Customer Changed Mind
ORD106424,2023-06-18,Late Delivery
ORD101664,2022-11-26,Late Delivery
ORD104777,2023-10-29,Damaged
ORD104088,2023-01-28,Customer Changed Mind
ORD108277,2022-12-20,Late Delivery
ORD108946,2022-01-17,Late Delivery
ORD109037,2021-12-02,Customer Changed Mind
ORD103088,2023-02-27,Customer Changed Mind
ORD101510,2022-02-13,Late Delivery
ORD103355,2021-08-14,Wrong Item
ORD102268,2021-12-12,Damaged
ORD103530,2021-10-29,Late Delivery
ORD103566,2021-04-12,Late Delivery
ORD103678,2023-12-09,Damaged
ORD105429,2021-10-30,Late Delivery
ORD107506,2021-09-01,Late Delivery
ORD106910,2022-08-20,Customer Changed Mind
ORD101910,2022-05-05,Late Delivery
ORD103186,2023-12-01,Wrong Item
ORD104541,2022-12-22,Customer Changed Mind
ORD108258,2023-11-26,Late Delivery
ORD101729,2023-12-15,Late Delivery
ORD109641,2023-10-13,Damaged
ORD107648,2023-12-12,Damaged
ORD105507,2022-12-10,Wrong Item
ORD103202,2022-02-03,Damaged
ORD108164,2022-12-22,Damaged
ORD100013,2021-08-01,Wrong Item
ORD101976,2022-10-27,Late Delivery
ORD108240,2021-07-16,Damaged
ORD100355,2022-08-17,Damaged
ORD108084,2022-12-10,Wrong Item
ORD106267,2023-10-13,Damaged
ORD105037,2023-11-28,Customer Changed Mind
ORD105962,2023-08-21,Damaged
ORD104573,2021-08-06,Late Delivery
ORD106984,2022-10-09,Wrong Item
ORD109146,2021-12-25,Late Delivery
ORD100745,2021-09-08,Late Delivery
ORD105747,2023-07-07,Late Delivery
ORD108313,2023-05-24,Wrong Item
ORD104842,2021-12-14,Customer Changed Mind
ORD101781,2021-10-28,Damaged
ORD108642,2023-04-18,Late Delivery
ORD107984,2023-05-12,Wrong Item
ORD102865,2023-02-24,Damaged
ORD101196,2022-08-08,Wrong Item
ORD106002,2023-03-31,Late Delivery
ORD109826,2022-05-23,Wrong Item
ORD105936,2023-11-19,Late Delivery
ORD104513,2023-04-08,Wrong Item
ORD108541,2023-05-10,Late Delivery
ORD102281,2021-02-09,Damaged
ORD104496,2021-03-23,Wrong Item
ORD104354,2023-03-01,Wrong Item
ORD108948,2022-02-17,Damaged
ORD104304,2023-03-27,Late Delivery
ORD109987,2021-07-21,Customer Changed Mind
ORD100737,2022-05-14,Late Delivery
ORD107892,2021-12-16,Late Delivery
ORD100061,2021-12-19,Damaged
ORD102581,2021-04-14,Customer Changed Mind
ORD106836,2022-05-06,Wrong Item
ORD108118,2022-04-19,Customer Changed Mind
ORD107285,2021-03-30,Wrong Item
ORD102592,2023-08-18,Wrong Item
ORD104875,2023-03-30,Damaged
ORD109348,2023-04-20,Late Delivery
ORD100630,2021-12-08,Late Delivery
ORD105867,2022-05-28,Customer Changed Mind
ORD100319,2022-09-08,Late Delivery
ORD103608,2021-07-01,Wrong Item
ORD103798,2021-01-18,Damaged
ORD101486,2021-09-13,Late Delivery
ORD106149,2021-09-01,Late Delivery
ORD106697,2022-03-07,Wrong Item
ORD102229,2022-03-11,Customer Changed Mind
ORD102006,2021-02-13,Late Delivery
ORD103867,2022-03-16,Wrong Item
ORD107656,2022-09-23,Customer Changed Mind
ORD107252,2021-03-22,Late Delivery
ORD109660,2023-02-01,Wrong Item
ORD106009,2023-04-10,Wrong Item
ORD106851,2021-10-03,Late Delivery
ORD103433,2022-05-23,Wrong Item
ORD108792,2023-07-06,Late Delivery
ORD105455,2023-06-15,Late Delivery
ORD106983,2021-07-24,Customer Changed Mind
ORD107781,2022-05-05,Damaged
ORD109170,2021-12-11,Late Delivery
ORD102573,2022-10-16,Late Delivery
ORD107013,2022-05-08,Customer Changed Mind
ORD108338,2021-07-09,Damaged
ORD106066,2023-10-01,Damaged
ORD108266,2022-02-05,Wrong Item
ORD104685,2022-11-17,Damaged
ORD100743,2021-07-16,Damaged
ORD104885,2021-03-26,Wrong Item
ORD107682,2023-12-24,Damaged
ORD107841,2021-08-07,Customer Changed Mind
ORD102755,2023-02-21,Late Delivery
ORD102848,2023-04-16,Customer Changed Mind
ORD109303,2021-03-22,Damaged
ORD107895,2022-03-22,Wrong Item
ORD104164,2023-05-11,Customer Changed Mind
ORD109611,2021-05-25,Customer Changed Mind
ORD100804,2021-08-10,Late Delivery
ORD100757,2023-09-27,Wrong Item
ORD109454,2023-04-12,Customer Changed Mind
ORD107012,2023-01-23,Damaged
ORD108896,2022-01-21,Late Delivery
ORD103865,2022-01-20,Customer Changed Mind
ORD109430,2021-02-16,Damaged
ORD108543,2022-12-29,Customer Changed Mind
ORD105285,2021-10-29,Customer Changed Mind
ORD104118,2022-07-18,Wrong Item
ORD109676,2022-06-20,Customer Changed Mind
ORD108383,2023-01-29,Wrong Item
ORD101168,2022-01-17,Damaged
ORD100273,2023-07-01,Wrong Item
ORD101325,2023-06-10,Damaged
ORD107766,2023-07-03,Wrong Item
ORD103904,2022-12-03,Wrong Item
ORD107721,2022-11-26,Wrong Item
ORD109722,2022-02-03,Wrong Item
ORD102731,2023-01-10,Late Delivery
ORD101855,2023-09-11,Customer Changed Mind
ORD108513,2022-12-04,Late Delivery
ORD105636,2021-12-07,Damaged
ORD102093,2022-01-14,Damaged
ORD109087,2023-01-27,Customer Changed Mind
ORD101556,2022-02-04,Damaged
ORD109543,2022-12-03,Damaged
ORD105587,2022-03-20,Wrong Item
ORD108430,2023-06-14,Customer Changed Mind
ORD109336,2022-12-17,Wrong Item
ORD108135,2023-07-01,Customer Changed Mind
ORD102766,2021-07-26,Wrong Item
ORD109992,2022-12-28,Customer Changed Mind
ORD107833,2021-10-08,Damaged
ORD103950,2022-07-10,Late Delivery
ORD101354,2022-12-05,Damaged
ORD100893,2023-02-09,Customer Changed Mind
ORD100635,2023-01-28,Late Delivery
ORD108843,2022-09-16,Late Delivery
ORD105902,2022-10-25,Wrong Item
ORD104851,2022-07-26,Customer Changed Mind
ORD102835,2021-04-13,Wrong Item
ORD101925,2022-10-14,Customer Changed Mind
ORD103343,2022-01-19,Damaged
ORD108201,2023-01-27,Customer Changed Mind
ORD102902,2023-05-23,Damaged
ORD106897,2021-09-28,Late Delivery
ORD109679,2022-02-05,Late Delivery
ORD108746,2021-05-24,Wrong Item
ORD107689,2023-12-01,Late Delivery
ORD107900,2021-11-28,Late Delivery
ORD109816,2022-09-13,Damaged
ORD100531,2023-10-02,Customer Changed Mind
ORD101838,2023-10-25,Damaged
ORD100240,2022-02-01,Late Delivery
ORD108705,2023-12-08,Customer Changed Mind
ORD104296,2023-03-06,Late Delivery
ORD105018,2021-09-13,Late Delivery
ORD104691,2022-07-05,Damaged
ORD102623,2023-08-22,Customer Changed Mind
ORD100941,2022-07-02,Damaged
ORD108066,2021-01-16,Wrong Item
ORD103094,2022-09-22,Wrong Item
ORD108574,2021-07-01,Wrong Item
ORD104391,2022-06-19,Wrong Item
ORD103200,2021-03-19,Damaged
ORD106171,2021-03-26,Wrong Item
ORD101335,2021-10-14,Damaged
ORD100523,2022-08-02,Customer Changed Mind
ORD102283,2023-09-09,Customer Changed Mind
ORD104274,2023-09-07,Damaged
ORD100756,2023-10-23,Customer Changed Mind
ORD102858,2021-09-17,Wrong Item
ORD108437,2021-12-29,Damaged
ORD104785,2022-06-05,Late Delivery
ORD107574,2023-08-10,Customer Changed Mind
ORD104602,2022-08-06,Wrong Item
ORD103879,2022-04-23,Wrong Item
ORD109392,2022-11-25,Late Delivery
ORD101246,2023-12-24,Wrong Item
ORD103270,2022-08-08,Damaged
ORD101226,2021-07-16,Customer Changed Mind
ORD105146,2022-08-02,Damaged
ORD109583,2021-12-26,Damaged
ORD107459,2022-09-08,Customer Changed Mind
ORD105770,2022-12-25,Wrong Item
ORD107675,2023-03-15,Late Delivery
ORD104323,2022-11-18,Late Delivery
ORD109046,2021-02-27,Wrong Item
ORD109108,2021-10-18,Damaged
ORD105019,2021-11-16,Customer Changed Mind
ORD103412,2022-04-05,Customer Changed Mind
ORD106690,2023-10-23,Damaged
ORD107603,2023-11-15,Wrong Item
ORD103652,2023-08-13,Wrong Item
ORD104668,2021-09-10,Damaged
ORD103705,2021-11-12,Wrong Item
ORD104629,2023-01-09,Late Delivery
ORD103962,2021-10-03,Late Delivery
ORD108679,2022-09-29,Customer Changed Mind
ORD104427,2021-08-12,Wrong Item
ORD106900,2021-07-08,Damaged
ORD107802,2021-05-25,Late Delivery
ORD103233,2023-10-04,Customer Changed Mind
ORD100116,2022-06-03,Wrong Item
ORD100420,2023-12-16,Damaged
ORD102747,2021-10-26,Wrong Item
ORD102805,2022-06-27,Customer Changed Mind
ORD104222,2021-06-12,Wrong Item
ORD106174,2023-01-23,Wrong Item
ORD100882,2021-08-30,Customer Changed Mind
ORD108670,2021-05-18,Wrong Item
ORD108539,2022-10-31,Wrong Item
ORD101992,2021-10-11,Damaged
ORD102839,2022-09-24,Late Delivery
ORD109202,2022-02-23,Damaged
ORD105744,2023-07-18,Customer Changed Mind
ORD106869,2023-04-01,Late Delivery
ORD107612,2021-06-14,Wrong Item
ORD102983,2022-07-26,Wrong Item
ORD104410,2021-09-16,Customer Changed Mind
ORD109489,2023-10-12,Damaged
ORD106064,2023-02-12,Damaged
ORD109194,2023-04-19,Late Delivery
ORD107440,2022-09-27,Wrong Item
ORD106713,2021-06-02,Damaged
ORD105506,2022-03-15,Wrong Item
ORD101865,2022-09-24,Wrong Item
ORD108765,2023-07-10,Wrong Item
ORD107024,2022-03-31,Late Delivery
ORD102323,2022-12-10,Customer Changed Mind
ORD105347,2021-07-02,Wrong Item
ORD102525,2021-02-20,Customer Changed Mind
ORD103039,2022-04-02,Customer Changed Mind
ORD100436,2021-07-09,Late Delivery
ORD102998,2022-02-24,Damaged
ORD101275,2022-06-24,Customer Changed Mind
ORD100461,2022-12-26,Customer Changed Mind
ORD102512,2023-12-26,Customer Changed Mind
ORD105684,2022-09-02,Damaged
ORD108185,2021-01-18,Wrong Item
ORD102876,2022-03-22,Wrong Item
ORD103713,2022-12-02,Late Delivery
ORD108780,2022-09-25,Wrong Item
ORD104667,2023-04-15,Wrong Item
ORD109008,2021-05-10,Wrong Item
ORD107456,2021-05-01,Late Delivery
ORD103410,2022-11-11,Late Delivery
ORD107718,2022-12-11,Wrong Item
ORD101122,2023-01-22,Wrong Item
ORD105411,2021-02-14,Customer Changed Mind
ORD108452,2022-07-05,Damaged
ORD105068,2023-04-19,Late Delivery
ORD109162,2021-03-30,Damaged
ORD102940,2021-10-16,Wrong Item
ORD102393,2021-01-29,Wrong Item
ORD102970,2021-07-01,Wrong Item
ORD107176,2023-04-04,Wrong Item
ORD107692,2023-11-04,Late Delivery
ORD100292,2023-02-06,Wrong Item
ORD101784,2022-04-27,Damaged
ORD107260,2021-12-17,Customer Changed Mind
ORD101382,2023-03-25,Customer Changed Mind
ORD106485,2022-10-13,Damaged
ORD108522,2022-05-28,Damaged
ORD102277,2022-06-09,Customer Changed Mind
ORD107410,2023-08-09,Late Delivery
ORD101163,2023-09-28,Damaged
ORD109320,2023-11-30,Late Delivery
ORD107104,2023-04-11,Customer Changed Mind
ORD103916,2023-06-14,Late Delivery
ORD104745,2022-09-15,Customer Changed Mind
ORD101658,2021-07-17,Wrong Item
ORD102692,2021-05-28,Late Delivery
ORD103478,2022-09-07,Late Delivery
ORD109367,2022-04-23,Late Delivery
ORD105220,2023-09-22,Wrong Item
ORD108086,2023-08-04,Wrong Item
ORD105843,2022-09-30,Wrong Item
ORD102992,2022-09-15,Damaged
ORD100188,2021-06-16,Customer Changed Mind
ORD102245,2021-10-15,Damaged
ORD104025,2022-08-18,Late Delivery
ORD106111,2022-06-18,Customer Changed Mind
ORD101039,2021-10-04,Damaged
ORD109968,2021-02-05,Wrong Item
ORD106576,2023-04-23,Damaged
ORD102071,2021-11-05,Wrong Item
ORD107103,2023-09-21,Damaged
ORD101015,2023-05-06,Wrong Item
ORD105085,2022-12-14,Damaged
ORD101994,2022-10-08,Late Delivery
ORD106071,2023-06-10,Customer Changed Mind
ORD102203,2023-09-15,Damaged
ORD109513,2022-04-13,Damaged
ORD102097,2022-12-28,Customer Changed Mind
ORD103488,2022-07-13,Late Delivery
ORD108920,2023-01-20,Late Delivery
ORD100539,2022-01-13,Wrong Item
ORD108140,2021-02-08,Late Delivery
ORD101296,2023-11-15,Customer Changed Mind
ORD103320,2023-08-03,Damaged
ORD103597,2023-09-22,Customer Changed Mind
ORD105619,2021-12-17,Wrong Item
ORD100351,2022-02-08,Damaged
ORD103291,2023-04-16,Wrong Item
ORD108173,2023-05-25,Wrong Item
ORD102945,2022-01-03,Late Delivery
ORD106380,2022-08-27,Damaged
ORD104239,2022-12-11,Wrong Item
ORD108063,2021-06-07,Wrong Item
ORD105823,2022-06-13,Wrong Item
ORD108249,2022-01-31,Customer Changed Mind
ORD106145,2021-05-28,Wrong Item
ORD103415,2021-05-19,Late Delivery
ORD105815,2023-05-31,Late Delivery
ORD103137,2021-06-15,Damaged
ORD101302,2021-03-04,Wrong Item
ORD100400,2022-04-18,Damaged
ORD105464,2021-03-28,Damaged
ORD101143,2021-11-26,Late Delivery
ORD108802,2021-10-23,Wrong Item
ORD106130,2023-11-04,Late Delivery
ORD105111,2022-09-14,Customer Changed Mind
ORD108315,2021-10-24,Wrong Item
ORD107705,2021-07-30,Wrong Item
ORD107793,2022-04-01,Damaged
ORD102336,2021-11-24,Damaged
ORD105946,2023-10-04,Late Delivery
ORD106540,2022-07-03,Customer Changed Mind
ORD104593,2023-09-20,Late Delivery
ORD104349,2022-05-27,Customer Changed Mind
ORD107846,2022-12-10,Wrong Item
ORD109835,2021-02-13,Damaged
ORD101337,2022-07-17,Damaged
ORD109928,2021-03-03,Wrong Item
ORD109883,2022-03-10,Customer Changed Mind
ORD107753,2021-07-05,Late Delivery
ORD100849,2021-01-31,Wrong Item
ORD104955,2021-05-01,Damaged
ORD105980,2023-05-24,Customer Changed Mind
ORD101554,2023-06-27,Late Delivery
ORD107639,2022-12-28,Wrong Item
ORD100959,2023-05-09,Damaged
ORD108082,2021-09-23,Customer Changed Mind
ORD109060,2021-06-05,Late Delivery
ORD108442,2022-02-27,Wrong Item
ORD100456,2021-06-17,Late Delivery
ORD101701,2021-06-26,Wrong Item
ORD109427,2022-07-27,Customer Changed Mind
ORD102246,2021-12-04,Damaged
ORD105064,2023-07-30,Wrong Item
ORD104620,2021-11-11,Wrong Item
ORD104976,2023-01-11,Customer Changed Mind
ORD100636,2021-06-02,Customer Changed Mind
ORD100425,2022-05-25,Damaged
ORD105267,2022-05-24,Customer Changed Mind
ORD101154,2023-02-11,Late Delivery
ORD106400,2023-05-02,Late Delivery
ORD101877,2023-09-05,Damaged
ORD101473,2022-11-05,Damaged
ORD102690,2022-12-03,Customer Changed Mind
ORD103602,2023-10-13,Late Delivery
ORD106863,2022-10-14,Customer Changed Mind
ORD100359,2022-06-08,Damaged
ORD106571,2022-07-29,Late Delivery
ORD107752,2021-08-15,Damaged
ORD103689,2022-10-22,Damaged
ORD104190,2022-12-01,Customer Changed Mind
ORD101795,2023-09-29,Damaged
ORD102029,2022-01-04,Customer Changed Mind
ORD109310,2023-01-04,Damaged
ORD108503,2022-05-16,Damaged
ORD102918,2022-08-09,Damaged
ORD103763,2021-10-19,Late Delivery
ORD103463,2021-03-27,Damaged
ORD109482,2023-11-17,Wrong Item
ORD108651,2021-02-12,Late Delivery
ORD108507,2023-03-06,Wrong Item
ORD104498,2022-08-16,Damaged
ORD100348,2021-12-14,Late Delivery
ORD104759,2021-12-18,Wrong Item
ORD103776,2022-01-16,Damaged
ORD108059,2023-05-26,Late Delivery
ORD100686,2022-04-24,Damaged
ORD100565,2021-05-15,Customer Changed Mind
ORD102489,2022-08-14,Customer Changed Mind
ORD100972,2023-08-17,Wrong Item
ORD105187,2021-11-01,Late Delivery
ORD105565,2022-03-06,Late Delivery
ORD102225,2021-06-01,Late Delivery
ORD105120,2021-03-01,Late Delivery
ORD109258,2023-09-22,Late Delivery
ORD106469,2022-09-29,Wrong Item
ORD102709,2022-11-15,Late Delivery
ORD107531,2021-12-28,Customer Changed Mind
ORD101263,2022-09-25,Customer Changed Mind
ORD106367,2022-06-17,Late Delivery
ORD108465,2022-02-10,Damaged
ORD100024,2021-04-12,Late Delivery
ORD104140,2021-04-06,Wrong Item
ORD108106,2022-06-07,Customer Changed Mind
ORD102211,2022-10-14,Customer Changed Mind
ORD100310,2021-09-17,Wrong Item
ORD103502,2023-09-13,Wrong Item
ORD104643,2023-06-18,Damaged
ORD102538,2022-11-21,Customer Changed Mind
ORD104576,2021-04-24,Late Delivery
ORD109879,2023-04-21,Wrong Item
ORD108449,2023-03-18,Late Delivery
ORD101899,2023-01-10,Wrong Item
ORD101284,2022-10-27,Wrong Item
ORD100902,2023-05-04,Customer Changed Mind
ORD103709,2021-11-08,Wrong Item
ORD107120,2023-02-06,Customer Changed Mind
ORD100377,2022-07-06,Damaged
ORD100703,2022-11-21,Customer Changed Mind
ORD105393,2021-05-26,Late Delivery
ORD103064,2023-11-09,Late Delivery
ORD101128,2021-02-26,Late Delivery
ORD105958,2022-12-29,Late Delivery
ORD106941,2023-06-03,Customer Changed Mind
ORD102677,2021-10-26,Customer Changed Mind
ORD105671,2023-04-01,Wrong Item
ORD107556,2022-06-23,Customer Changed Mind
ORD106539,2021-04-19,Late Delivery
ORD108057,2021-11-02,Customer Changed Mind
ORD103191,2021-02-22,Damaged
ORD108386,2022-01-21,Damaged
ORD106093,2022-01-27,Damaged
ORD103121,2021-06-14,Late Delivery
ORD107604,2022-07-09,Damaged
ORD106808,2023-06-21,Wrong Item
ORD106979,2021-02-17,Damaged
ORD102999,2023-10-06,Late Delivery
ORD103696,2023-12-05,Wrong Item
ORD101758,2021-06-12,Damaged
ORD104901,2023-07-01,Customer Changed Mind
ORD104653,2023-06-20,Customer Changed Mind
ORD103780,2023-08-04,Late Delivery
ORD107513,2021-06-18,Late Delivery
ORD108817,2022-09-08,Late Delivery
ORD109384,2023-05-07,Wrong Item
ORD109965,2023-06-06,Late Delivery
ORD102482,2021-01-01,Damaged
ORD102950,2022-11-28,Damaged
ORD108772,2023-05-26,Customer Changed Mind
ORD100569,2023-04-05,Customer Changed Mind
ORD103332,2022-12-25,Damaged
ORD103974,2022-08-26,Customer Changed Mind
ORD108617,2023-10-31,Late Delivery
ORD108849,2021-02-21,Late Delivery
ORD105807,2023-11-17,Damaged
ORD106523,2022-06-28,Wrong Item
ORD109717,2022-01-23,Wrong Item
ORD102462,2022-02-15,Wrong Item
ORD106552,2023-01-31,Customer Changed Mind
ORD106351,2023-07-28,Wrong Item
ORD101113,2022-03-17,Late Delivery
ORD102580,2022-05-04,Wrong Item
ORD105878,2022-09-14,Damaged
ORD105471,2021-05-27,Customer Changed Mind
ORD105180,2022-07-02,Late Delivery
ORD101998,2022-07-30,Late Delivery
ORD105611,2022-10-17,Damaged
ORD105484,2023-07-29,Customer Changed Mind
ORD100131,2022-05-25,Damaged
ORD106870,2022-05-14,Wrong Item
ORD108569,2022-01-21,Customer Changed Mind
ORD100491,2023-12-20,Customer Changed Mind
ORD107062,2022-02-20,Late Delivery
ORD103675,2023-02-20,Wrong Item
ORD102037,2022-10-02,Wrong Item
ORD108661,2023-08-30,Late Delivery
ORD102455,2021-04-01,Damaged
ORD102124,2021-10-27,Late Delivery
ORD106874,2021-05-22,Damaged
ORD100334,2023-07-22,Damaged
ORD103581,2021-05-19,Customer Changed Mind
ORD100375,2022-06-26,Wrong Item
ORD106170,2022-09-21,Wrong Item
ORD101389,2021-01-08,Wrong Item
ORD107314,2023-12-18,Late Delivery
ORD103376,2023-07-09,Late Delivery
ORD104821,2021-10-09,Damaged
ORD106224,2022-03-23,Damaged
ORD108854,2021-04-10,Late Delivery
ORD105026,2021-10-24,Customer Changed Mind
ORD107537,2021-02-22,Late Delivery
ORD106682,2023-06-18,Damaged
ORD109203,2021-12-20,Customer Changed Mind
ORD100608,2022-07-22,Damaged
ORD107391,2022-10-15,Late Delivery
ORD102401,2023-09-30,Wrong Item
ORD106578,2023-05-23,Customer Changed Mind
ORD104671,2021-02-28,Late Delivery
ORD105390,2021-04-06,Customer Changed Mind
ORD108222,2022-08-31,Wrong Item
ORD102099,2023-04-07,Wrong Item
ORD103038,2023-02-20,Late Delivery
ORD109530,2023-05-31,Damaged
ORD107125,2021-10-14,Customer Changed Mind
ORD104732,2021-10-14,Customer Changed Mind
ORD105500,2021-04-12,Wrong Item
ORD104374,2022-10-30,Late Delivery
ORD102335,2021-01-25,Wrong Item
ORD105514,2021-03-23,Wrong Item
ORD100469,2023-05-07,Damaged
ORD103116,2022-01-08,Wrong Item
ORD100487,2023-01-27,Late Delivery
ORD105627,2022-01-01,Wrong Item
ORD103138,2022-07-25,Late Delivery
ORD103281,2021-10-23,Wrong Item
ORD103109,2023-05-11,Damaged
ORD100261,2022-04-23,Damaged
ORD105501,2023-09-17,Wrong Item
ORD108595,2023-11-11,Damaged
ORD102788,2023-06-07,Customer Changed Mind
ORD107571,2022-02-05,Customer Changed Mind
ORD109109,2021-11-10,Wrong Item
ORD109391,2022-04-29,Wrong Item
ORD109890,2021-06-24,Damaged
ORD109173,2023-04-05,Damaged
ORD108580,2021-03-18,Wrong Item
ORD105225,2023-11-21,Late Delivery
ORD102706,2022-05-07,Late Delivery
ORD101799,2021-07-24,Customer Changed Mind
ORD103460,2023-01-19,Damaged
ORD104221,2022-08-25,Damaged
ORD102294,2023-03-30,Customer Changed Mind
ORD109458,2021-03-21,Late Delivery
ORD106530,2022-12-10,Late Delivery
ORD104890,2022-01-21,Customer Changed Mind
ORD109041,2023-11-10,Wrong Item
ORD102620,2021-02-18,Damaged
ORD100081,2021-11-19,Wrong Item
ORD105340,2022-09-29,Wrong Item
ORD103625,2021-04-30,Late Delivery
ORD105515,2023-10-25,Wrong Item
ORD100689,2021-06-12,Damaged
ORD106014,2023-12-06,Damaged
ORD107067,2021-11-07,Damaged
ORD106160,2022-01-22,Customer Changed Mind
ORD100280,2023-01-12,Wrong Item
ORD108472,2021-08-09,Wrong Item
ORD103198,2021-12-19,Damaged
ORD106592,2023-11-24,Customer Changed Mind
ORD105363,2021-12-29,Customer Changed Mind
ORD109696,2022-05-24,Late Delivery
ORD107108,2023-12-02,Late Delivery
ORD101307,2021-11-01,Damaged
ORD102740,2022-10-28,Wrong Item
ORD103558,2022-09-20,Wrong Item
ORD102063,2023-12-25,Wrong Item
ORD107654,2023-01-17,Customer Changed Mind
ORD102200,2021-11-10,Wrong Item
ORD101333,2023-02-19,Customer Changed Mind
ORD101837,2022-01-26,Damaged
ORD101592,2023-08-02,Wrong Item
ORD106637,2023-03-14,Customer Changed Mind
ORD104366,2021-10-10,Damaged
ORD109428,2023-08-03,Damaged
ORD107023,2022-11-25,Customer Changed Mind
ORD105824,2022-06-10,Customer Changed Mind
ORD105141,2022-07-15,Wrong Item
ORD101053,2023-10-09,Late Delivery
ORD103141,2021-12-01,Wrong Item
ORD109876,2021-05-23,Late Delivery
ORD101003,2022-02-10,Customer Changed Mind
ORD109561,2022-01-06,Late Delivery
ORD103474,2022-04-11,Customer Changed Mind
ORD109624,2023-05-31,Damaged
ORD109311,2023-03-22,Late Delivery
ORD109433,2023-04-20,Late Delivery
ORD102736,2023-01-25,Damaged
ORD109600,2023-12-25,Wrong Item
ORD108905,2021-07-30,Late Delivery
ORD109189,2021-03-09,Customer Changed Mind
ORD107822,2021-08-10,Wrong Item
ORD101995,2023-09-02,Damaged
ORD100378,2023-05-23,Late Delivery
ORD106730,2021-02-28,Damaged
ORD105767,2021-08-13,Damaged
ORD107463,2021-04-12,Customer Changed Mind
ORD108865,2022-05-25,Damaged
ORD107685,2022-01-30,Late Delivery
ORD108392,2023-09-28,Damaged
ORD100167,2023-07-13,Wrong Item
ORD108741,2021-08-24,Damaged
ORD107997,2022-07-12,Late Delivery
ORD107891,2022-09-24,Late Delivery
ORD101414,2022-03-24,Late Delivery
ORD109076,2023-10-12,Wrong Item
ORD103034,2021-05-11,Late Delivery
ORD106795,2022-09-08,Wrong Item
ORD104950,2021-12-08,Damaged
ORD107591,2022-07-29,Wrong Item
ORD105119,2023-11-25,Damaged
ORD108737,2021-04-30,Damaged
ORD109803,2022-03-11,Damaged
ORD102851,2021-04-20,Late Delivery
ORD106981,2021-01-15,Wrong Item
ORD102652,2022-01-18,Customer Changed Mind
ORD102269,2022-07-05,Late Delivery
ORD108491,2023-09-18,Late Delivery
ORD105523,2021-12-23,Wrong Item
ORD103124,2021-07-11,Customer Changed Mind
ORD109011,2022-12-28,Damaged
ORD102958,2022-06-21,Customer Changed Mind
ORD106531,2021-01-01,Wrong Item
ORD102484,2022-05-18,Late Delivery
ORD102371,2022-12-14,Customer Changed Mind
ORD109916,2023-06-04,Wrong Item
ORD102908,2021-08-09,Damaged
ORD103272,2022-05-21,Late Delivery
ORD108356,2023-01-06,Wrong Item
ORD102251,2021-04-27,Damaged
ORD109617,2023-03-03,Late Delivery
ORD106311,2021-04-05,Customer Changed Mind
ORD101188,2022-08-22,Late Delivery
ORD107649,2022-09-22,Damaged
ORD100443,2023-08-09,Wrong Item
ORD100747,2023-02-09,Damaged
ORD109359,2021-05-16,Late Delivery
ORD104886,2022-06-13,Damaged
ORD100791,2021-06-25,Late Delivery
ORD104522,2022-11-09,Damaged
ORD104917,2021-08-04,Wrong Item
ORD107447,2022-08-06,Damaged
ORD107192,2021-02-22,Late Delivery
ORD109804,2022-10-30,Customer Changed Mind
ORD108801,2023-10-28,Wrong Item
ORD105186,2023-03-31,Customer Changed Mind
ORD101430,2021-04-06,Late Delivery
ORD103172,2022-07-07,Wrong Item
ORD106788,2021-05-12,Late Delivery
ORD107839,2022-02-28,Customer Changed Mind
ORD101928,2021-06-03,Customer Changed Mind
ORD106968,2022-07-14,Late Delivery
ORD109355,2023-05-17,Late Delivery
ORD103266,2023-11-03,Wrong Item
ORD101883,2022-07-31,Late Delivery
ORD102256,2022-01-08,Customer Changed Mind
ORD102182,2022-06-21,Damaged
ORD103755,2022-03-15,Customer Changed Mind
ORD109455,2021-07-31,Late Delivery
ORD102602,2021-08-20,Customer Changed Mind
ORD104483,2023-09-18,Late Delivery
ORD100913,2022-05-02,Wrong Item
ORD107377,2021-12-20,Late Delivery
ORD104933,2021-07-13,Late Delivery
ORD106705,2023-08-17,Late Delivery
ORD102880,2023-10-12,Late Delivery
ORD105955,2022-01-25,Late Delivery
ORD104966,2022-05-10,Customer Changed Mind
ORD108250,2022-08-04,Customer Changed Mind
ORD106899,2023-08-13,Damaged
ORD108463,2021-02-05,Damaged
ORD106234,2023-10-16,Wrong Item
ORD101644,2021-07-16,Wrong Item
ORD106518,2022-04-26,Damaged
ORD100214,2023-08-04,Customer Changed Mind
ORD105466,2021-10-24,Wrong Item
ORD108782,2022-04-22,Damaged
ORD102085,2021-07-01,Customer Changed Mind
ORD108906,2023-04-14,Damaged
ORD106260,2021-10-29,Wrong Item
ORD104453,2023-01-15,Wrong Item
ORD102157,2023-06-17,Late Delivery
ORD102304,2021-09-23,Damaged
ORD103290,2022-06-24,Damaged
ORD101803,2021-10-09,Damaged
ORD100303,2022-05-19,Wrong Item
ORD103213,2022-10-19,Customer Changed Mind
ORD104586,2021-05-05,Damaged
ORD104099,2023-10-23,Customer Changed Mind
ORD100669,2022-09-05,Damaged
ORD105552,2023-09-24,Wrong Item
ORD106457,2021-09-23,Customer Changed Mind
ORD107715,2022-06-23,Damaged
ORD102785,2023-07-09,Customer Changed Mind
ORD108113,2021-11-07,Damaged
ORD101454,2021-02-25,Late Delivery
ORD100788,2023-08-08,Late Delivery
ORD108544,2022-01-14,Late Delivery
ORD109756,2021-01-29,Damaged
ORD102011,2023-09-29,Customer Changed Mind
ORD103667,2023-11-09,Late Delivery
ORD106176,2023-12-20,Wrong Item
ORD105234,2022-05-25,Customer Changed Mind
ORD105561,2021-10-26,Late Delivery
ORD106259,2023-01-13,Wrong Item
ORD100374,2021-11-19,Wrong Item
ORD103858,2023-11-28,Wrong Item
ORD103628,2022-05-29,Damaged
ORD101105,2023-09-12,Wrong Item
ORD102654,2023-08-01,Customer Changed Mind
ORD101270,2022-03-14,Customer Changed Mind
ORD102204,2023-10-01,Damaged
ORD104210,2021-10-04,Wrong Item
ORD108552,2021-06-04,Customer Changed Mind
ORD108226,2022-09-13,Damaged
ORD106847,2022-05-14,Wrong Item
ORD100019,2023-11-22,Customer Changed Mind
ORD105010,2023-04-30,Wrong Item
ORD101866,2022-09-24,Damaged
ORD107585,2023-06-21,Late Delivery
ORD103523,2022-12-21,Customer Changed Mind
ORD108303,2023-01-29,Wrong Item
ORD105856,2023-10-11,Wrong Item
ORD103552,2023-02-23,Late Delivery
ORD102154,2021-05-13,Wrong Item
ORD104771,2023-07-17,Damaged
ORD109948,2022-09-23,Damaged
ORD102502,2023-10-03,Wrong Item
ORD102552,2023-07-31,Wrong Item
ORD102341,2023-10-14,Customer Changed Mind
ORD105905,2023-02-17,Damaged
ORD108230,2022-09-19,Customer Changed Mind
ORD104180,2023-03-30,Late Delivery
ORD109059,2022-06-16,Customer Changed Mind
ORD102383,2022-01-06,Wrong Item
ORD106420,2022-04-24,Customer Changed Mind
ORD109078,2024-01-01,Customer Changed Mind
ORD101606,2021-04-05,Customer Changed Mind
ORD108773,2022-02-28,Damaged
ORD100213,2022-06-18,Customer Changed Mind
ORD105618,2022-06-01,Late Delivery
ORD102125,2023-12-16,Customer Changed Mind
ORD103170,2021-07-12,Customer Changed Mind
ORD104361,2022-12-06,Customer Changed Mind
ORD103769,2022-08-29,Wrong Item
ORD101540,2021-01-28,Wrong Item
ORD103821,2023-07-06,Late Delivery
ORD109158,2022-04-23,Wrong Item
ORD103075,2022-12-04,Wrong Item
ORD106266,2022-05-10,Damaged
ORD104959,2021-08-12,Late Delivery
ORD109093,2022-11-24,Wrong Item
ORD104419,2023-08-13,Damaged
ORD107730,2022-10-14,Wrong Item
ORD107166,2021-12-22,Damaged
ORD105626,2021-06-20,Wrong Item
ORD104826,2021-03-18,Wrong Item
ORD104149,2022-11-28,Wrong Item
ORD106669,2023-05-11,Wrong Item
ORD101852,2022-10-10,Customer Changed Mind
ORD103525,2023-04-06,Wrong Item
ORD104686,2021-03-08,Late Delivery
ORD100060,2023-02-21,Customer Changed Mind
ORD106986,2022-04-01,Late Delivery
ORD107850,2023-05-07,Customer Changed Mind
ORD107658,2022-07-29,Customer Changed Mind
ORD106286,2021-08-20,Late Delivery
ORD105723,2021-04-28,Damaged
ORD100408,2023-12-16,Late Delivery
ORD101933,2022-04-24,Wrong Item
ORD109227,2021-01-23,Wrong Item
ORD105571,2023-05-19,Late Delivery
ORD102856,2022-05-16,Damaged
ORD108742,2021-01-26,Customer Changed Mind
ORD107770,2022-06-12,Customer Changed Mind
ORD105892,2023-03-03,Wrong Item
ORD103166,2021-01-26,Damaged
ORD106037,2023-12-29,Customer Changed Mind
ORD106621,2023-02-24,Customer Changed Mind
ORD100621,2022-11-21,Wrong Item
ORD108286,2023-10-09,Damaged
ORD107412,2021-03-18,Customer Changed Mind
ORD103693,2023-01-30,Damaged
ORD102086,2022-08-22,Damaged
ORD109474,2022-12-12,Wrong Item
ORD104246,2021-09-12,Customer Changed Mind
ORD107650,2021-05-18,Wrong Item
ORD107018,2021-02-22,Late Delivery
ORD109148,2021-10-13,Customer Changed Mind
ORD101604,2021-08-20,Damaged
ORD101238,2022-02-23,Damaged
ORD108875,2021-04-28,Customer Changed Mind
ORD105983,2022-01-18,Wrong Item
ORD103656,2022-07-07,Damaged
ORD102547,2021-01-18,Customer Changed Mind
ORD105435,2023-09-25,Damaged
ORD109645,2022-10-17,Wrong Item
ORD108953,2022-06-22,Customer Changed Mind
ORD104604,2023-06-30,Wrong Item
ORD103774,2021-11-20,Wrong Item
ORD100505,2021-08-08,Customer Changed Mind
ORD103830,2023-02-11,Wrong Item
ORD100365,2023-02-04,Wrong Item
ORD106639,2022-08-18,Wrong Item
ORD106015,2023-11-19,Damaged
ORD107043,2022-03-29,Wrong Item
ORD108071,2022-07-04,Late Delivery
ORD108371,2023-12-17,Damaged
ORD108208,2021-12-19,Late Delivery
ORD100847,2022-04-18,Wrong Item
ORD105326,2023-03-17,Wrong Item
ORD108162,2022-03-25,Damaged
ORD106334,2021-01-03,Wrong Item
ORD109321,2023-04-04,Damaged
ORD108072,2021-04-10,Customer Changed Mind
ORD100618,2022-10-18,Damaged
ORD102965,2022-12-31,Wrong Item
ORD106850,2022-03-03,Damaged
ORD104022,2021-06-22,Damaged
ORD107640,2023-02-04,Damaged
ORD107548,2021-08-28,Wrong Item
ORD109469,2023-06-07,Damaged
ORD106391,2022-05-06,Late Delivery
ORD108421,2023-01-06,Customer Changed Mind
ORD108914,2023-02-28,Customer Changed Mind
ORD103946,2021-11-07,Customer Changed Mind
ORD106946,2021-04-18,Damaged
ORD105800,2022-05-08,Damaged
ORD105405,2021-08-18,Customer Changed Mind
ORD108102,2021-11-11,Customer Changed Mind
ORD108051,2021-12-29,Wrong Item
ORD107161,2023-02-05,Damaged
ORD109785,2021-07-23,Wrong Item
ORD102964,2021-02-13,Damaged
ORD109813,2021-03-30,Customer Changed Mind
ORD105736,2021-12-28,Late Delivery
ORD100512,2022-04-22,Wrong Item
ORD108239,2023-12-27,Late Delivery
ORD101228,2021-06-29,Damaged
ORD107402,2021-05-15,Late Delivery
ORD103930,2023-05-25,Customer Changed Mind
ORD105718,2023-01-28,Damaged
ORD102657,2021-07-28,Customer Changed Mind
ORD100306,2023-10-25,Damaged
ORD106689,2022-01-18,Damaged
ORD108559,2021-10-31,Damaged
ORD109350,2023-07-19,Customer Changed Mind
ORD109917,2022-01-28,Damaged
ORD105828,2023-04-29,Damaged
ORD101441,2023-08-30,Wrong Item
ORD106940,2021-01-15,Customer Changed Mind
ORD108031,2021-10-14,Damaged
ORD108511,2021-10-13,Damaged
ORD108825,2021-03-11,Damaged
ORD107249,2022-01-05,Late Delivery
ORD100856,2023-11-29,Late Delivery
ORD105566,2021-06-23,Wrong Item
ORD109687,2022-07-05,Late Delivery
ORD101678,2023-12-22,Wrong Item
ORD103337,2023-09-04,Damaged
ORD106695,2022-10-18,Customer Changed Mind
ORD108716,2023-01-09,Damaged
ORD104596,2021-02-11,Customer Changed Mind
ORD100255,2021-03-20,Wrong Item
ORD108937,2021-01-11,Customer Changed Mind
ORD106092,2021-09-28,Wrong Item
ORD107586,2023-11-15,Wrong Item
ORD104396,2022-09-19,Customer Changed Mind
ORD108997,2022-04-07,Damaged
ORD108726,2021-02-22,Late Delivery
ORD107113,2021-08-29,Damaged
ORD102916,2021-07-08,Wrong Item
ORD107756,2023-03-27,Damaged
ORD101442,2022-12-30,Damaged
ORD108098,2021-02-03,Damaged
ORD102259,2022-08-18,Late Delivery
ORD106445,2021-06-01,Customer Changed Mind
ORD105854,2022-08-11,Late Delivery
ORD104743,2022-09-21,Damaged
ORD104642,2021-09-04,Customer Changed Mind
ORD105117,2022-04-10,Damaged
ORD103519,2021-10-20,Wrong Item
ORD101378,2023-06-06,Damaged
ORD105917,2022-07-04,Customer Changed Mind
ORD102016,2023-02-22,Late Delivery
ORD105380,2021-01-02,Late Delivery
ORD101722,2021-03-15,Damaged
ORD100018,2023-06-12,Late Delivery
ORD100614,2023-08-04,Customer Changed Mind
ORD106563,2021-12-08,Late Delivery
ORD102920,2021-01-01,Late Delivery
ORD105304,2022-06-09,Damaged
ORD102601,2021-09-13,Customer Changed Mind
ORD106039,2023-11-25,Customer Changed Mind
ORD101560,2022-04-19,Wrong Item
ORD102535,2023-05-27,Late Delivery
ORD105720,2022-06-10,Customer Changed Mind
ORD102588,2022-05-17,Wrong Item
ORD106419,2023-06-05,Damaged
ORD109562,2021-12-08,Wrong Item
ORD108567,2022-02-03,Wrong Item
ORD102254,2023-06-29,Customer Changed Mind
ORD106483,2023-11-15,Wrong Item
ORD109980,2021-08-18,Damaged
ORD106416,2021-03-28,Customer Changed Mind
ORD102628,2022-12-30,Customer Changed Mind
ORD104749,2021-02-19,Customer Changed Mind
ORD100481,2023-10-05,Customer Changed Mind
ORD106113,2023-06-15,Damaged
ORD100392,2021-09-13,Damaged
ORD106650,2022-12-17,Damaged
ORD100900,2021-11-28,Late Delivery
ORD106998,2022-10-24,Damaged
ORD106832,2023-02-24,Wrong Item
ORD106384,2023-01-19,Customer Changed Mind
ORD107601,2022-11-07,Wrong Item
ORD103095,2021-04-07,Damaged
ORD101013,2023-11-05,Late Delivery
ORD107289,2022-03-06,Late Delivery
ORD106890,2022-03-31,Customer Changed Mind
ORD108142,2021-05-06,Damaged
ORD101364,2022-06-19,Late Delivery
ORD104539,2022-10-01,Wrong Item
ORD104345,2021-04-26,Late Delivery
ORD109610,2021-06-29,Customer Changed Mind
ORD109541,2021-06-04,Late Delivery
ORD107461,2021-06-15,Damaged
ORD107361,2023-04-25,Wrong Item
ORD106213,2022-04-20,Customer Changed Mind
ORD109995,2022-06-09,Customer Changed Mind
ORD100546,2023-05-31,Late Delivery
ORD102380,2022-08-18,Customer Changed Mind
ORD106926,2023-03-07,Late Delivery
ORD101640,2021-08-12,Wrong Item
ORD108441,2023-11-19,Late Delivery
ORD100500,2021-03-28,Customer Changed Mind
ORD108976,2022-01-16,Wrong Item
ORD106535,2022-12-21,Late Delivery
ORD109894,2023-02-12,Customer Changed Mind
ORD109115,2023-12-22,Customer Changed Mind
ORD100947,2022-09-20,Damaged
ORD101748,2022-08-05,Late Delivery
ORD108322,2021-12-07,Late Delivery
ORD101348,2022-12-11,Late Delivery
ORD106448,2023-03-20,Wrong Item
ORD100272,2022-12-15,Wrong Item
ORD100582,2022-07-27,Damaged
ORD107406,2022-01-13,Damaged
ORD103067,2021-10-16,Damaged
ORD108147,2023-02-05,Customer Changed Mind
ORD108271,2023-11-03,Customer Changed Mind
ORD101142,2021-08-06,Damaged
ORD101565,2021-12-10,Customer Changed Mind
ORD105542,2021-09-27,Damaged
ORD101271,2022-07-01,Wrong Item
ORD108556,2022-10-06,Customer Changed Mind
ORD101873,2021-02-08,Customer Changed Mind
ORD106904,2021-09-25,Damaged
ORD102419,2022-04-18,Late Delivery
ORD104619,2023-06-14,Damaged
ORD108341,2023-02-21,Customer Changed Mind
ORD102757,2022-02-28,Customer Changed Mind
ORD108401,2021-04-09,Damaged
ORD103330,2022-09-17,Damaged
ORD104624,2023-07-28,Damaged
ORD109434,2022-05-18,Customer Changed Mind
ORD100817,2021-01-03,Customer Changed Mind
ORD102106,2022-09-05,Customer Changed Mind
ORD102123,2021-05-23,Wrong Item
ORD108696,2021-07-20,Damaged
ORD107719,2021-09-19,Wrong Item
ORD109810,2022-07-26,Damaged
ORD105965,2021-08-07,Wrong Item
ORD106595,2023-04-03,Damaged
ORD100649,2022-04-02,Late Delivery
ORD106545,2023-07-27,Wrong Item
ORD102664,2021-12-07,Customer Changed Mind
ORD105178,2021-06-13,Customer Changed Mind
ORD109880,2023-11-18,Wrong Item
ORD109942,2021-12-10,Damaged
ORD107124,2022-01-21,Wrong Item
ORD104000,2022-09-08,Customer Changed Mind
ORD107740,2022-01-29,Customer Changed Mind
ORD101953,2023-12-09,Customer Changed Mind
ORD102084,2023-09-30,Wrong Item
ORD108611,2023-05-07,Wrong Item
ORD103536,2021-01-12,Late Delivery
ORD102384,2022-07-25,Damaged
ORD107485,2021-09-21,Late Delivery
ORD102220,2022-02-27,Customer Changed Mind
ORD106962,2023-11-25,Late Delivery
ORD103852,2022-12-09,Customer Changed Mind
ORD108977,2023-02-13,Damaged
ORD102712,2022-07-07,Late Delivery
ORD104031,2021-06-28,Customer Changed Mind
ORD104907,2023-12-17,Late Delivery
ORD106593,2023-01-17,Wrong Item
ORD104961,2023-07-11,Wrong Item
ORD100577,2021-02-28,Damaged
ORD108489,2022-12-07,Damaged
ORD102729,2021-09-27,Late Delivery
ORD103404,2023-06-22,Damaged
ORD105771,2021-02-01,Damaged
ORD100871,2021-11-13,Wrong Item
ORD106298,2022-04-11,Late Delivery
ORD101674,2021-02-27,Wrong Item
ORD105755,2023-02-01,Wrong Item
ORD109438,2021-06-06,Wrong Item
ORD106993,2023-04-01,Late Delivery
ORD102098,2022-02-14,Late Delivery
ORD108017,2021-05-15,Late Delivery
ORD104365,2021-03-29,Wrong Item
ORD103894,2022-06-13,Damaged
ORD102721,2022-02-06,Late Delivery
ORD108870,2021-04-11,Damaged
ORD105598,2023-10-06,Wrong Item
ORD100313,2022-01-17,Customer Changed Mind
ORD105416,2022-04-23,Late Delivery
ORD103539,2023-06-28,Damaged
ORD106720,2021-03-23,Late Delivery
ORD109402,2022-10-28,Wrong Item
ORD100777,2021-07-19,Late Delivery
ORD106547,2021-02-10,Wrong Item
ORD109447,2021-04-09,Customer Changed Mind
ORD101581,2023-10-25,Wrong Item
ORD109118,2021-07-23,Customer Changed Mind
ORD102553,2021-01-25,Customer Changed Mind
ORD102148,2023-09-11,Customer Changed Mind
ORD101310,2022-01-19,Damaged
ORD109376,2022-02-18,Wrong Item
ORD101762,2021-04-11,Customer Changed Mind
ORD102293,2022-06-14,Wrong Item
ORD108293,2022-06-01,Late Delivery
ORD105763,2022-10-06,Wrong Item
ORD101481,2023-03-31,Wrong Item
ORD105690,2022-01-20,Wrong Item
ORD105194,2023-05-31,Wrong Item
ORD104560,2021-09-16,Damaged
ORD102572,2023-07-02,Customer Changed Mind
ORD103847,2022-02-09,Customer Changed Mind
ORD100401,2022-08-22,Customer Changed Mind
ORD100041,2023-05-15,Late Delivery
ORD108888,2022-09-03,Late Delivery
ORD103436,2023-10-17,Wrong Item
ORD106322,2023-09-15,Damaged
ORD108868,2021-08-13,Damaged
ORD107955,2023-12-30,Wrong Item
ORD107053,2023-06-11,Wrong Item
ORD102191,2023-03-15,Customer Changed Mind
ORD102459,2023-04-25,Late Delivery
ORD103357,2021-06-18,Late Delivery
ORD108818,2021-08-13,Late Delivery
ORD101459,2021-10-26,Late Delivery
ORD102737,2023-02-03,Wrong Item
ORD106484,2022-03-08,Wrong Item
ORD102339,2021-09-07,Late Delivery
ORD107177,2023-11-17,Customer Changed Mind
ORD101903,2021-11-28,Customer Changed Mind
ORD105675,2021-10-11,Customer Changed Mind
ORD101376,2023-11-17,Late Delivery
ORD102598,2022-11-12,Customer Changed Mind
ORD104696,2022-10-04,Wrong Item
ORD109599,2021-06-08,Late Delivery
ORD102683,2022-09-13,Customer Changed Mind
ORD103206,2023-11-21,Wrong Item
ORD106721,2022-03-25,Late Delivery
ORD106299,2021-08-01,Wrong Item
ORD100070,2023-04-02,Customer Changed Mind
ORD109935,2021-10-21,Damaged
ORD104843,2023-03-25,Customer Changed Mind
ORD104948,2021-05-25,Wrong Item
ORD104603,2023-06-26,Damaged
ORD100147,2023-01-24,Damaged
ORD102111,2023-10-17,Late Delivery
ORD104578,2022-10-21,Damaged
ORD103580,2023-10-18,Late Delivery
ORD106452,2023-06-28,Damaged
ORD102911,2023-04-02,Damaged
ORD108892,2023-12-07,Late Delivery
ORD103286,2022-11-06,Wrong Item
ORD106389,2022-08-13,Late Delivery
ORD104605,2021-10-17,Damaged
ORD107611,2022-09-09,Customer Changed Mind
ORD104536,2021-04-04,Late Delivery
ORD106707,2023-06-05,Late Delivery
ORD100798,2021-06-26,Damaged
ORD104545,2023-05-23,Damaged
ORD105183,2023-02-11,Customer Changed Mind
ORD103634,2023-12-19,Damaged
ORD100593,2023-11-05,Late Delivery
ORD100992,2021-05-31,Late Delivery
ORD108333,2022-04-04,Late Delivery
ORD106435,2022-04-22,Wrong Item
ORD100373,2022-01-01,Late Delivery
ORD109429,2021-01-29,Wrong Item
ORD105925,2023-02-03,Damaged
ORD101259,2021-11-30,Wrong Item
ORD105488,2023-08-27,Late Delivery
ORD106342,2021-09-17,Damaged
ORD100127,2022-07-08,Wrong Item
ORD101372,2023-07-05,Damaged
ORD101643,2021-03-09,Damaged
ORD101326,2021-05-18,Wrong Item
ORD105052,2022-09-19,Damaged
ORD105796,2023-07-26,Damaged
ORD109098,2021-10-04,Late Delivery
ORD102363,2023-11-17,Customer Changed Mind
ORD102350,2023-03-14,Customer Changed Mind
ORD108429,2023-01-27,Damaged
ORD108867,2022-03-31,Wrong Item
ORD101751,2021-10-12,Customer Changed Mind
ORD107131,2023-08-21,Wrong Item
ORD101043,2022-09-10,Customer Changed Mind
ORD101662,2023-08-25,Late Delivery
ORD105536,2021-01-15,Late Delivery
ORD105972,2022-11-17,Wrong Item
